Workbook

Sheet Budget
A1: SAMPLE | Cedarline Partners offsite budget (fictional)
A2: Two day offsite, 14 people, Monday 8 to Wednesday 10 February 2027. All figures are invented.
A4: Category | B4: Budget (USD) | C4: Spent so far (USD) | D4: Remaining (USD) | E4: Percent used | F4: Flag
A5: Lodging | B5: 4606 | C5: =SUMIFS(Expenses!$E$4:$E$23,Expenses!$B$4:$B$23,A5) -> 0 | D5: =B5-C5 -> 4606 | E5: =IF(B5=0,0,C5/B5) -> 0 | F5: =IF(E5>1,"Over budget",IF(E5>=0.8,"Watch","OK")) -> OK
A6: Meeting room | B6: 700 | C6: =SUMIFS(Expenses!$E$4:$E$23,Expenses!$B$4:$B$23,A6) -> 0 | D6: =B6-C6 -> 700 | E6: =IF(B6=0,0,C6/B6) -> 0 | F6: =IF(E6>1,"Over budget",IF(E6>=0.8,"Watch","OK")) -> OK
A7: Meals | B7: 2100 | C7: =SUMIFS(Expenses!$E$4:$E$23,Expenses!$B$4:$B$23,A7) -> 0 | D7: =B7-C7 -> 2100 | E7: =IF(B7=0,0,C7/B7) -> 0 | F7: =IF(E7>1,"Over budget",IF(E7>=0.8,"Watch","OK")) -> OK
A8: Ground transport | B8: 800 | C8: =SUMIFS(Expenses!$E$4:$E$23,Expenses!$B$4:$B$23,A8) -> 200 | D8: =B8-C8 -> 600 | E8: =IF(B8=0,0,C8/B8) -> 0.25 | F8: =IF(E8>1,"Over budget",IF(E8>=0.8,"Watch","OK")) -> OK
A9: Activity | B9: 300 | C9: =SUMIFS(Expenses!$E$4:$E$23,Expenses!$B$4:$B$23,A9) -> 100 | D9: =B9-C9 -> 200 | E9: =IF(B9=0,0,C9/B9) -> 0.33333333 | F9: =IF(E9>1,"Over budget",IF(E9>=0.8,"Watch","OK")) -> OK
A10: Printing | B10: 100 | C10: =SUMIFS(Expenses!$E$4:$E$23,Expenses!$B$4:$B$23,A10) -> 38.5 | D10: =B10-C10 -> 61.5 | E10: =IF(B10=0,0,C10/B10) -> 0.385 | F10: =IF(E10>1,"Over budget",IF(E10>=0.8,"Watch","OK")) -> OK
A11: Contingency | B11: 394 | C11: =SUMIFS(Expenses!$E$4:$E$23,Expenses!$B$4:$B$23,A11) -> 0 | D11: =B11-C11 -> 394 | E11: =IF(B11=0,0,C11/B11) -> 0 | F11: =IF(E11>1,"Over budget",IF(E11>=0.8,"Watch","OK")) -> OK
A12: Total | B12: =SUM(B5:B11) -> 9000 | C12: =SUM(C5:C11) -> 338.5 | D12: =SUM(D5:D11) -> 8661.5 | E12: =IF(B12=0,0,C12/B12) -> 0.037611111 | F12: =IF(E12>1,"Over budget",IF(E12>=0.8,"Watch","OK")) -> OK
A14: Cap per the brief (USD) | B14: 9000
A15: Check: budget lines equal cap | B15: =IF(B12=B14,"Matches","Does not match") -> Matches
A17: Blue figures are inputs. Black figures are formulas. Add expenses on the Expenses tab and this page updates.

Sheet Expenses
A1: Expense log (SAMPLE, fictional company and vendors)
A3: Date | B3: Category | C3: Vendor | D3: Note | E3: Amount (USD) | F3: Status
A4: 2026-11-02 | B4: Ground transport | C4: Greenline Vans (fictional) | D4: Deposit for two vans | E4: 200 | F4: Paid
A5: 2026-11-09 | B5: Printing | C5: Print shop (fictional) | D5: Name badges and room list | E5: 38.5 | F5: Paid
A6: 2026-11-12 | B6: Activity | C6: Rivercraft Studio (fictional) | D6: Deposit for team activity | E6: 100 | F6: Paid
A7: 2026-11-16 | B7: Meals | C7: Hilltop Kitchen (fictional) | D7: Catering quote, not yet paid | E7: 0 | F7: Pending

Sheet Read me
A1: Read me
A3: This workbook is a practice sample built on fictional data for a portfolio.
A4: It is not a real client budget. Company, vendors and amounts are invented.
A5: Edit: the blue cells on the Budget tab (budget lines, cap) and the Expenses tab (log).
A6: Example row: the first row of the log shows the expected format for date, category, vendor, note and amount.
A7: Category names must match the Budget tab exactly. A drop down on the Expenses tab keeps them consistent.
A8: Assumption: the $9,000 cap and the line split are invented for the exercise.
